Date,Susceptible,Exposed,Infected,Recovered,Deaths
2020-01-22,83992949.0,4199647.45,0,0,0
2020-01-23,83992949.0,4199647.45,0,0,0
2020-01-24,83992949.0,4199647.45,0,0,0
2020-01-25,83992949.0,4199647.45,0,0,0
2020-01-26,83992949.0,4199647.45,0,0,0
2020-01-27,83992949.0,4199647.45,0,0,0
2020-01-28,83992949.0,4199647.45,0,0,0
2020-01-29,83992949.0,4199647.45,0,0,0
2020-01-30,83992949.0,4199647.45,0,0,0
2020-01-31,83992949.0,4199647.45,0,0,0
2020-02-01,83992949.0,4199647.45,0,0,0
2020-02-02,83992949.0,4199647.45,0,0,0
2020-02-03,83992949.0,4199647.45,0,0,0
2020-02-04,83992949.0,4199647.45,0,0,0
2020-02-05,83992949.0,4199647.45,0,0,0
2020-02-06,83992949.0,4199647.45,0,0,0
2020-02-07,83992949.0,4199647.45,0,0,0
2020-02-08,83992949.0,4199647.45,0,0,0
2020-02-09,83992949.0,4199647.45,0,0,0
2020-02-10,83992949.0,4199647.45,0,0,0
2020-02-11,83992949.0,4199647.45,0,0,0
2020-02-12,83992949.0,4199647.45,0,0,0
2020-02-13,83992949.0,4199647.45,0,0,0
2020-02-14,83992949.0,4199647.45,0,0,0
2020-02-15,83992949.0,4199647.45,0,0,0
2020-02-16,83992949.0,4199647.45,0,0,0
2020-02-17,83992949.0,4199647.45,0,0,0
2020-02-18,83992949.0,4199647.45,0,0,0
2020-02-19,83992947.0,4199647.350000001,0,0,2
2020-02-20,83992944.0,4199647.2,3,0,2
2020-02-21,83992931.0,4199646.55,14,0,4
2020-02-22,83992921.0,4199646.05,23,0,5
2020-02-23,83992906.0,4199645.3,35,0,8
2020-02-24,83992888.0,4199644.4,49,0,12
2020-02-25,83992854.0,4199642.7,79,0,16
2020-02-26,83992810.0,4199640.5,71,49,19
2020-02-27,83992704.0,4199635.2,170,49,26
2020-02-28,83992561.0,4199628.05,281,73,34
2020-02-29,83992356.0,4199617.8,427,123,43
2020-03-01,83991971.0,4199598.55,749,175,54
2020-03-02,83991448.0,4199572.4,1144,291,66
2020-03-03,83990613.0,4199530.65,1968,291,77
2020-03-04,83990027.0,4199501.350000001,2278,552,92
2020-03-05,83989436.0,4199471.8,2667,739,107
2020-03-06,83988202.0,4199410.100000001,3710,913,124
2020-03-07,83987126.0,4199356.3,4009,1669,145
2020-03-08,83986383.0,4199319.15,4238,2134,194
2020-03-09,83985788.0,4199289.4,4530,2394,237
2020-03-10,83984907.0,4199245.350000001,5020,2731,291
2020-03-11,83983949.0,4199197.45,5687,2959,354
2020-03-12,83982874.0,4199143.7,6687,2959,429
2020-03-13,83981585.0,4199079.25,7891,2959,514
2020-03-14,83980220.0,4199011.0,9159,2959,611
2020-03-15,83979011.0,4198950.55,8624,4590,724
2020-03-16,83977958.0,4198897.9,9548,4590,853
2020-03-17,83976780.0,4198839.0,9792,5389,988
2020-03-18,83975588.0,4198779.4,10837,5389,1135
2020-03-19,83974542.0,4198727.100000001,11413,5710,1284
2020-03-20,83973305.0,4198665.25,11466,6745,1433
2020-03-21,83972339.0,4198616.95,11419,7635,1556
2020-03-22,83971311.0,4198565.55,12022,7931,1685
2020-03-23,83969900.0,4198495.0,13306,7931,1812
2020-03-24,83968138.0,4198406.9,13964,8913,1934
2020-03-25,83965932.0,4198296.600000001,15315,9625,2077
2020-03-26,83963543.0,4198177.15,16715,10457,2234
2020-03-27,83960617.0,4198030.850000001,18821,11133,2378
2020-03-28,83957541.0,4197877.05,21212,11679,2517
2020-03-29,83954640.0,4197732.0,23278,12391,2640
2020-03-30,83951454.0,4197572.7,24827,13911,2757
2020-03-31,83948344.0,4197417.2,27051,14656,2898
2020-04-01,83945356.0,4197267.8,29084,15473,3036
2020-04-02,83942481.0,4197124.05,30597,16711,3160
2020-04-03,83939766.0,4196988.3,31954,17935,3294
2020-04-04,83937206.0,4196860.3,32555,19736,3452
2020-04-05,83934723.0,4196736.15,34887,19736,3603
2020-04-06,83932449.0,4196622.45,32525,24236,3739
2020-04-07,83930360.0,4196518.0,31678,27039,3872
2020-04-08,83928363.0,4196418.15,30781,29812,3993
2020-04-09,83926729.0,4196336.45,29801,32309,4110
2020-04-10,83924757.0,4196237.850000001,28495,35465,4232
2020-04-11,83922920.0,4196146.0,23725,41947,4357
2020-04-12,83921263.0,4196063.15,23318,43894,4474
2020-04-13,83919646.0,4195982.3,22735,45983,4585
2020-04-14,83918072.0,4195903.600000001,22065,48129,4683
2020-04-15,83916560.0,4195828.0,21679,49933,4777
2020-04-16,83914954.0,4195747.7,20897,52229,4869
2020-04-17,83913455.0,4195672.75,20472,54064,4958
2020-04-18,83912081.0,4195604.05,19850,55987,5031
2020-04-19,83910738.0,4195536.9,20070,57023,5118
2020-04-20,83909444.0,4195472.2,19023,59273,5209
2020-04-21,83908147.0,4195407.350000001,18540,60965,5297
2020-04-22,83906953.0,4195347.65,17492,63113,5391
2020-04-23,83905923.0,4195296.15,16702,64843,5481
2020-04-24,83904755.0,4195237.75,16021,66599,5574
2020-04-25,83903621.0,4195181.05,15485,68193,5650
2020-04-26,83902468.0,4195123.4,15114,69657,5710
2020-04-27,83901477.0,4195073.850000001,14733,70933,5806
2020-04-28,83900365.0,4195018.25,14268,72439,5877
2020-04-29,83899292.0,4194964.600000001,13909,73791,5957
2020-04-30,83898309.0,4194915.45,13509,75103,6028
2020-05-01,83897303.0,4194865.15,13237,76318,6091
2020-05-02,83896501.0,4194825.05,12942,77350,6156
2020-05-03,83895525.0,4194776.25,12799,78422,6203
2020-05-04,83894302.0,4194715.100000001,12991,79379,6277
2020-05-05,83892979.0,4194648.95,13155,80475,6340
2020-05-06,83891299.0,4194564.95,13645,81587,6418
2020-05-07,83889814.0,4194490.7,13905,82744,6486
2020-05-08,83888258.0,4194412.9,14313,83837,6541
2020-05-09,83886729.0,4194336.45,14567,85064,6589
2020-05-10,83885346.0,4194267.3000000003,14820,86143,6640
2020-05-11,83883663.0,4194183.1500000004,15179,87422,6685
2020-05-12,83882182.0,4194109.1,15677,88357,6733
2020-05-13,83880224.0,4194011.2,16514,89428,6783
2020-05-14,83878416.0,4193920.8000000003,17140,90539,6854
2020-05-15,83876314.0,4193815.7,17897,91836,6902
2020-05-16,83874557.0,4193727.85,18308,93147,6937
2020-05-17,83872751.0,4193637.5500000003,18746,94464,6988
2020-05-18,83870457.0,4193522.85,19774,95661,7057
2020-05-19,83868346.0,4193417.3000000003,20311,97173,7119
2020-05-20,83866000.0,4193300.0,20958,98808,7183
2020-05-21,83863608.0,4193180.4000000004,21528,100564,7249
2020-05-22,83861297.0,4193064.85,22076,102276,7300
2020-05-23,83859428.0,4192971.4000000004,22090,104072,7359
2020-05-24,83857248.0,4192862.4000000004,22483,105801,7417
2020-05-25,83855225.0,4192761.25,22560,107713,7451
2020-05-26,83853438.0,4192671.9000000004,22566,109437,7508
2020-05-27,83851358.0,4192567.9000000004,22851,111176,7564
2020-05-28,83849100.0,4192455.0,23234,112988,7627
2020-05-29,83846281.0,4192314.0500000003,24060,114931,7677
2020-05-30,83843999.0,4192199.95,24389,116827,7734
2020-05-31,83841483.0,4192074.1500000004,24821,118848,7797
2020-06-01,83838504.0,4191925.2,25563,121004,7878
2020-06-02,83835387.0,4191769.35,26543,123077,7942
2020-06-03,83832253.0,4191612.6500000004,27478,125206,8012
2020-06-04,83828679.0,4191433.95,28714,127485,8071
2020-06-05,83825793.0,4191289.6500000004,29281,129741,8134
2020-06-06,83823524.0,4191176.2,29178,132038,8209
2020-06-07,83821160.0,4191058.0,29159,134349,8281
2020-06-08,83819117.0,4190955.85,29121,136360,8351
2020-06-09,83817022.0,4190851.1,29045,138457,8425
2020-06-10,83815011.0,4190750.5500000003,28842,140590,8506
2020-06-11,83812793.0,4190639.6500000004,28909,142663,8584
2020-06-12,83810424.0,4190521.2,29217,144649,8659
2020-06-13,83807994.0,4190399.7,29477,146748,8730
2020-06-14,83805522.0,4190276.1,29916,148674,8837
2020-06-15,83803073.0,4190153.6500000004,30336,150590,8950
2020-06-16,83800510.0,4190025.5,30699,152675,9065
2020-06-17,83797898.0,4189894.9000000004,31054,154812,9185
2020-06-18,83795302.0,4189765.1,31384,156991,9272
2020-06-19,83792687.0,4189634.35,31678,159192,9392
2020-06-20,83790365.0,4189518.25,31693,161384,9507
2020-06-21,83787997.0,4189399.85,31738,163591,9623
2020-06-22,83785424.0,4189271.2,31356,166427,9742
2020-06-23,83782979.0,4189148.95,30947,169160,9863
2020-06-24,83780448.0,4189022.4000000004,30409,172096,9996
2020-06-25,83777853.0,4188892.6500000004,29863,175103,10130
2020-06-26,83775225.0,4188761.25,29633,177852,10239
2020-06-27,83772769.0,4188638.45,29155,180661,10364
2020-06-28,83770280.0,4188514.0,28851,183310,10508
2020-06-29,83767744.0,4188387.2,28355,186180,10670
2020-06-30,83765287.0,4188264.35,28087,188758,10817
2020-07-01,83762738.0,4188136.9000000004,27766,191487,10958
2020-07-02,83760086.0,4188004.3000000003,27659,194098,11106
2020-07-03,83757520.0,4187876.0,27723,196446,11260
2020-07-04,83755071.0,4187753.5500000003,27521,198949,11408
2020-07-05,83752511.0,4187625.5500000003,27537,201330,11571
2020-07-06,83749898.0,4187494.9000000004,27237,204083,11731
2020-07-07,83747261.0,4187363.0500000003,26757,207000,11931
2020-07-08,83744570.0,4187228.5,26832,209463,12084
2020-07-09,83742491.0,4187124.5500000003,25977,212176,12305
2020-07-10,83740229.0,4187011.45,25258,215015,12447
2020-07-11,83737832.0,4186891.6,24816,217666,12635
2020-07-12,83735646.0,4186782.3000000003,24481,219993,12829
2020-07-13,83733297.0,4186664.85,24081,222539,13032
2020-07-14,83730776.0,4186538.8000000003,23692,225270,13211
2020-07-15,83728388.0,4186419.4000000004,23590,227561,13410
2020-07-16,83725888.0,4186294.4000000004,22845,230608,13608
2020-07-17,83723509.0,4186175.45,22776,232873,13791
2020-07-18,83721343.0,4186067.1500000004,22327,235300,13979
2020-07-19,83719161.0,4185958.0500000003,21812,237788,14188
2020-07-20,83716747.0,4185837.35,21710,240087,14405
2020-07-21,83714122.0,4185706.1,21842,242351,14634
2020-07-22,83711536.0,4185576.8000000003,21720,244840,14853
2020-07-23,83708915.0,4185445.75,21730,247230,15074
2020-07-24,83706426.0,4185321.3000000003,22022,249212,15289
2020-07-25,83704110.0,4185205.5,22036,251319,15484
2020-07-26,83701777.0,4185088.85,22259,253213,15700
2020-07-27,83699343.0,4184967.1500000004,22550,255144,15912
2020-07-28,83696676.0,4184833.8000000003,23107,257019,16147
2020-07-29,83694040.0,4184702.0,23450,259116,16343
2020-07-30,83691419.0,4184570.95,23761,261200,16569
2020-07-31,83688745.0,4184437.25,23919,263519,16766
2020-08-01,83686197.0,4184309.85,23940,265830,16982
2020-08-02,83683512.0,4184175.6,24145,268102,17190
2020-08-03,83680914.0,4184045.7,24402,270228,17405
2020-08-04,83678163.0,4183908.1500000004,24634,272535,17617
2020-08-05,83675466.0,4183773.3000000003,24749,274932,17802
2020-08-06,83672832.0,4183641.6,24678,277463,17976
2020-08-07,83670382.0,4183519.1,24711,279724,18132
2020-08-08,83668257.0,4183412.85,24306,282122,18264
2020-08-09,83666237.0,4183311.85,23914,284371,18427
2020-08-10,83664105.0,4183205.25,23586,286642,18616
2020-08-11,83661760.0,4183088.0,23769,288620,18800
2020-08-12,83659250.0,4182962.5,24467,290244,18988
2020-08-13,83656625.0,4182831.25,25104,292058,19162
2020-08-14,83654124.0,4182706.2,25683,293811,19331
2020-08-15,83651879.0,4182593.95,25948,295630,19492
2020-08-16,83649746.0,4182487.3000000003,26078,297486,19639
2020-08-17,83647499.0,4182374.95,26489,299157,19804
2020-08-18,83645114.0,4182255.7,26982,300881,19972
2020-08-19,83642670.0,4182133.5,27626,302528,20125
2020-08-20,83640391.0,4182019.5500000003,28058,304236,20264
2020-08-21,83638185.0,4181909.25,28522,305866,20376
2020-08-22,83636157.0,4181807.85,28588,307702,20502
2020-08-23,83634044.0,4181702.2,28798,309464,20643
2020-08-24,83631799.0,4181589.95,29009,311365,20776
2020-08-25,83629586.0,4181479.3000000003,29404,313058,20901
2020-08-26,83627343.0,4181367.1500000004,29716,314870,21020
2020-08-27,83625153.0,4181257.6500000004,30021,316638,21137
2020-08-28,83623038.0,4181151.9000000004,30392,318270,21249
2020-08-29,83621133.0,4181056.6500000004,30610,319847,21359
2020-08-30,83619379.0,4180968.95,30687,321421,21462
2020-08-31,83617737.0,4180886.85,30408,323233,21571
2020-09-01,83616055.0,4180802.75,30098,325124,21672
2020-09-02,83614197.0,4180709.85,30154,326801,21797
2020-09-03,83612203.0,4180610.1500000004,30225,328595,21926
2020-09-04,83610177.0,4180508.85,30420,330308,22044
2020-09-05,83608283.0,4180414.1500000004,30381,332131,22154
2020-09-06,83606291.0,4180314.5500000003,30465,333900,22293
2020-09-07,83604139.0,4180206.95,30828,335572,22410
2020-09-08,83601837.0,4180091.85,31156,337414,22542
2020-09-09,83599524.0,4179976.2,31645,339111,22669
2020-09-10,83597461.0,4179873.0500000003,31848,340842,22798
2020-09-11,83595148.0,4179757.4000000004,32349,342539,22913
2020-09-12,83593009.0,4179650.45,32395,344516,23029
2020-09-13,83590920.0,4179546.0,32630,346242,23157
2020-09-14,83588301.0,4179415.0500000003,33322,348013,23313
2020-09-15,83585596.0,4179279.8000000003,33916,349984,23453
2020-09-16,83582615.0,4179130.75,34683,352019,23632
2020-09-17,83579800.0,4178990.0,35493,353848,23808
2020-09-18,83576751.0,4178837.5500000003,36741,355505,23952
2020-09-19,83573906.0,4178695.3000000003,37293,357632,24118
2020-09-20,83570809.0,4178540.45,38269,359570,24301
2020-09-21,83567468.0,4178373.4000000004,39480,361523,24478
2020-09-22,83563756.0,4178187.8000000003,40800,363737,24656
2020-09-23,83560151.0,4178007.5500000003,42112,365846,24840
2020-09-24,83556630.0,4177831.5,43475,367829,25015
2020-09-25,83553067.0,4177653.35,44818,369842,25222
2020-09-26,83549863.0,4177493.1500000004,45641,372051,25394
2020-09-27,83546501.0,4177325.0500000003,46689,374170,25589
2020-09-28,83542989.0,4177149.45,47650,376531,25779
2020-09-29,83539312.0,4176965.6,48924,378727,25986
2020-09-30,83535730.0,4176786.5,50094,380956,26169
2020-10-01,83531905.0,4176595.25,51296,383368,26380
2020-10-02,83528353.0,4176417.6500000004,52765,385264,26567
2020-10-03,83524830.0,4176241.5,53698,387675,26746
2020-10-04,83521177.0,4176058.85,54849,389966,26957
2020-10-05,83517275.0,4175863.75,56189,392293,27192
2020-10-06,83513124.0,4175656.2,57606,394800,27419
2020-10-07,83509105.0,4175455.25,59077,397109,27658
2020-10-08,83504713.0,4175235.6500000004,61048,399300,27888
2020-10-09,83500571.0,4175028.5500000003,62901,401379,28098
2020-10-10,83496696.0,4174834.8000000003,64010,403950,28293
2020-10-11,83492874.0,4174643.7,65142,406389,28544
2020-10-12,83488668.0,4174433.4000000004,66344,409121,28816
2020-10-13,83484560.0,4174228.0,67479,411840,29070
2020-10-14,83479730.0,4173986.5,69039,414831,29349
2020-10-15,83475114.0,4173755.7,70176,418054,29605
2020-10-16,83470562.0,4173528.1,71607,420910,29870
2020-10-17,83466459.0,4173322.95,72446,423921,30123
2020-10-18,83462569.0,4173128.45,72605,427400,30375
2020-10-19,83458318.0,4172915.9000000004,72559,431360,30712
2020-10-20,83453279.0,4172663.95,73960,434676,31034
2020-10-21,83447663.0,4172383.1500000004,75231,438709,31346
2020-10-22,83442192.0,4172109.6,76433,442674,31650
2020-10-23,83436058.0,4171802.9000000004,78221,446685,31985
2020-10-24,83430244.0,4171512.2,79494,450891,32320
2020-10-25,83424053.0,4171202.6500000004,81226,455054,32616
2020-10-26,83418093.0,4170904.6500000004,82653,459250,32953
2020-10-27,83411125.0,4170556.25,84914,463611,33299
2020-10-28,83404301.0,4170215.0500000003,87017,467917,33714
2020-10-29,83396008.0,4169800.4000000004,90230,472598,34113
2020-10-30,83387997.0,4169399.85,93174,477300,34478
2020-10-31,83380177.0,4169008.85,95978,481930,34864
2020-11-01,83372458.0,4168622.9000000004,98502,486691,35298
2020-11-02,83364169.0,4168208.45,101795,491247,35738
2020-11-03,83355237.0,4167761.85,106079,495473,36160
2020-11-04,83346785.0,4167339.25,109185,500400,36579
2020-11-05,83338013.0,4166900.6500000004,112664,505287,36985
2020-11-06,83329149.0,4166457.45,116439,509952,37409
2020-11-07,83319699.0,4165984.95,120265,515153,37832
2020-11-08,83310463.0,4165523.1500000004,123866,520329,38291
2020-11-09,83300000.0,4165000.0,128559,525641,38749
2020-11-10,83289661.0,4164483.0500000003,133392,530694,39202
2020-11-11,83277881.0,4163894.0500000003,139299,536105,39664
2020-11-12,83266364.0,4163318.2,144898,541566,40121
2020-11-13,83254627.0,4162731.35,151098,546642,40582
2020-11-14,83243424.0,4162171.2,155744,552747,41034
2020-11-15,83230881.0,4161544.0500000003,161757,558818,41493
2020-11-16,83217828.0,4160891.4000000004,168443,564699,41979
2020-11-17,83204476.0,4160223.8000000003,175238,570774,42461
2020-11-18,83191055.0,4159552.75,181970,576983,42941
2020-11-19,83177832.0,4158891.6,187996,583704,43417
2020-11-20,83164572.0,4158228.6,195456,589025,43896
2020-11-21,83151641.0,4157582.0500000003,200845,596136,44327
2020-11-22,83138588.0,4156929.4000000004,206114,603445,44802
2020-11-23,83126128.0,4156306.4000000004,211160,610406,45255
2020-11-24,83112407.0,4155620.35,217089,617715,45738
2020-11-25,83098564.0,4154928.2,222572,625606,46207
2020-11-26,83084603.0,4154230.1500000004,228382,633275,46689
2020-11-27,83070552.0,4153527.6,235237,640065,47095
2020-11-28,83057150.0,4152857.5,239482,648831,47486
2020-11-29,83044200.0,4152210.0,242583,658292,47874
2020-11-30,83030879.0,4151543.95,245673,668151,48246
2020-12-01,83016998.0,4150849.9000000004,249360,677963,48628
2020-12-02,83003377.0,4150168.85,252528,688054,48990
2020-12-03,82989455.0,4149472.75,254831,699315,49348
2020-12-04,82976114.0,4148805.7,259034,708106,49695
2020-12-05,82963963.0,4148198.1500000004,259262,719708,50016
2020-12-06,82952402.0,4147620.1,259439,730798,50310
2020-12-07,82941575.0,4147078.75,257825,742955,50594
2020-12-08,82930552.0,4146527.6,257256,754224,50917
2020-12-09,82920329.0,4146016.45,255769,765639,51212
2020-12-10,82909926.0,4145496.3000000003,253360,778167,51496
2020-12-11,82900542.0,4145027.1,252827,787853,51727
2020-12-12,82892131.0,4144606.5500000003,248016,800853,51949
2020-12-13,82884680.0,4144234.0,243803,812270,52196
2020-12-14,82877179.0,4143858.95,240092,823231,52447
2020-12-15,82869475.0,4143473.75,237528,833276,52670
2020-12-16,82861872.0,4143093.6,233764,844430,52883
2020-12-17,82854419.0,4142720.95,228922,856513,53095
2020-12-18,82847298.0,4142364.9000000004,226904,865474,53273
2020-12-19,82840877.0,4142043.85,222681,875943,53448
2020-12-20,82834565.0,4141728.25,219705,885054,53625
2020-12-21,82828414.0,4141420.7,216353,894366,53816
2020-12-22,82822206.0,4141110.3000000003,212742,903998,54003
2020-12-23,82815945.0,4140797.25,208654,914194,54156
2020-12-24,82809767.0,4140488.35,204189,924685,54308
2020-12-25,82803746.0,4140187.3000000003,201027,933736,54440
2020-12-26,82797986.0,4139899.3000000003,197841,942548,54574
2020-12-27,82792484.0,4139624.2,193912,951860,54693
2020-12-28,82786576.0,4139328.8000000003,190808,960751,54814
2020-12-29,82780468.0,4139023.4000000004,188127,969408,54946
2020-12-30,82774196.0,4138709.8000000003,184944,978714,55095
2020-12-31,82767807.0,4138390.35,181086,988833,55223
2021-01-01,82761520.0,4138076.0,180522,995570,55337
2021-01-02,82755475.0,4137773.75,177710,1004326,55438
2021-01-03,82749515.0,4137475.75,174876,1013018,55540
2021-01-04,82743442.0,4137172.1,173120,1020737,55650
2021-01-05,82737329.0,4136866.45,170844,1029028,55748
2021-01-06,82731046.0,4136552.3000000003,165552,1040521,55830
2021-01-07,82724686.0,4136234.3000000003,161777,1050553,55933
2021-01-08,82718435.0,4135921.75,159842,1058654,56018
2021-01-09,82712511.0,4135625.5500000003,156872,1067466,56100
2021-01-10,82706543.0,4135327.1500000004,155348,1074887,56171
2021-01-11,82700335.0,4135016.75,154616,1081736,56262
2021-01-12,82693927.0,4134696.35,154197,1088465,56360
2021-01-13,82687610.0,4134380.5,154494,1094388,56457
2021-01-14,82681139.0,4134056.95,153673,1101599,56538
2021-01-15,82674654.0,4133732.7,154663,1107011,56621
2021-01-16,82668554.0,4133427.7,154454,1113224,56717
2021-01-17,82662538.0,4133126.9000000004,154471,1119137,56803
2021-01-18,82656732.0,4132836.6,153832,1125499,56886
2021-01-19,82650815.0,4132540.75,153278,1131883,56973
2021-01-20,82644633.0,4132231.6500000004,153447,1137812,57057
2021-01-21,82638429.0,4131921.45,152821,1144549,57150
2021-01-22,82632097.0,4131604.85,151951,1151676,57225
2021-01-23,82625917.0,4131295.85,151263,1158475,57294
2021-01-24,82619972.0,4130998.6,150800,1164794,57383
2021-01-25,82613663.0,4130683.1500000004,150735,1171070,57481
2021-01-26,82607243.0,4130362.1500000004,150779,1177367,57560
2021-01-27,82600635.0,4130031.75,151200,1183463,57651
2021-01-28,82594108.0,4129705.4000000004,151130,1189975,57736
2021-01-29,82587535.0,4129376.75,151233,1196374,57807
2021-01-30,82581218.0,4129060.9000000004,150949,1202893,57889
2021-01-31,82574950.0,4128747.5,149989,1210051,57959
2021-02-01,82568353.0,4128417.6500000004,150253,1216305,58038
2021-02-02,82561533.0,4128076.6500000004,150109,1223197,58110
2021-02-03,82554663.0,4127733.1500000004,150706,1229391,58189
2021-02-04,82547623.0,4127381.1500000004,151489,1235581,58256
2021-02-05,82540569.0,4127028.45,152724,1241320,58336
2021-02-06,82533579.0,4126678.95,153584,1247374,58412
2021-02-07,82526514.0,4126325.7,154412,1253554,58469
2021-02-08,82519193.0,4125959.6500000004,155175,1260045,58536
2021-02-09,82511553.0,4125577.6500000004,156253,1266518,58625
2021-02-10,82503968.0,4125198.4000000004,158008,1272287,58686
2021-02-11,82496494.0,4124824.7,158847,1278857,58751
2021-02-12,82489196.0,4124459.8000000003,159930,1285014,58809
2021-02-13,82482076.0,4124103.8000000003,160264,1291726,58883
2021-02-14,82474686.0,4123734.3000000003,161295,1298023,58945
2021-02-15,82466926.0,4123346.3000000003,162665,1304330,59028
2021-02-16,82458915.0,4122945.75,164096,1310821,59117
2021-02-17,82450873.0,4122543.6500000004,165280,1317612,59184
2021-02-18,82442807.0,4122140.35,166647,1324231,59264
2021-02-19,82434790.0,4121739.5,167656,1331162,59341
2021-02-20,82426868.0,4121343.4000000004,168795,1337877,59409
2021-02-21,82418937.0,4120946.85,169738,1344791,59483
2021-02-22,82410674.0,4120533.7,171313,1351390,59572
2021-02-23,82402344.0,4120117.2,172401,1358541,59663
2021-02-24,82394074.0,4119703.7,173886,1365253,59736
2021-02-25,82385868.0,4119293.4000000004,174943,1372308,59830
2021-02-26,82377765.0,4118888.25,175363,1379922,59899
2021-02-27,82369790.0,4118489.5,176645,1386534,59980
2021-02-28,82361780.0,4118089.0,177971,1393125,60073
2021-03-01,82353270.0,4117663.5,179564,1399934,60181
2021-03-02,82344775.0,4117238.75,181062,1406845,60267
2021-03-03,82336250.0,4116812.5,182629,1413717,60353
2021-03-04,82327846.0,4116392.3000000003,183714,1420958,60431
2021-03-05,82319479.0,4115973.95,184950,1428008,60512
2021-03-06,82311267.0,4115563.35,185731,1435357,60594
2021-03-07,82303257.0,4115162.85,186807,1442198,60687
2021-03-08,82294944.0,4114747.2,187869,1449350,60786
2021-03-09,82286390.0,4114319.5,188933,1456759,60867
2021-03-10,82277787.0,4113889.35,189966,1464268,60928
2021-03-11,82269479.0,4113473.95,191275,1471179,61016
2021-03-12,82261391.0,4113069.5500000003,192901,1477588,61069
2021-03-13,82253589.0,4112679.45,193039,1485179,61142
2021-03-14,82245996.0,4112299.8000000003,193235,1492488,61230
2021-03-15,82238016.0,4111900.8000000003,194302,1499301,61330
2021-03-16,82229636.0,4111481.8000000003,195526,1506360,61427
2021-03-17,82221834.0,4111091.7,195562,1514061,61492
2021-03-18,82214304.0,4110715.2,195687,1521377,61581
2021-03-19,82206684.0,4110334.2,195922,1528694,61649
2021-03-20,82199144.0,4109957.2,195475,1536606,61724
2021-03-21,82191884.0,4109594.2,196149,1543119,61797
2021-03-22,82184527.0,4109226.35,196896,1549649,61877
2021-03-23,82177237.0,4108861.85,197995,1555766,61951
2021-03-24,82169632.0,4108481.6,198563,1562709,62045
2021-03-25,82162126.0,4108106.3000000003,198984,1569697,62142
2021-03-26,82154146.0,4107707.3000000003,199172,1577408,62223
2021-03-27,82146026.0,4107301.3000000003,199501,1585114,62308
2021-03-28,82137275.0,4106863.75,200058,1593219,62397
2021-03-29,82127965.0,4106398.25,202018,1600488,62478
2021-03-30,82117715.0,4105885.75,203858,1608807,62569
2021-03-31,82107385.0,4105369.25,205566,1617333,62665
2021-04-01,82095635.0,4104781.75,208411,1626144,62759
2021-04-02,82083975.0,4104198.75,212149,1633949,62876
2021-04-03,82072555.0,4103627.75,214977,1642418,62999
2021-04-04,82060875.0,4103043.75,218345,1650569,63160
2021-04-05,82046985.0,4102349.25,223654,1658978,63332
2021-04-06,82029555.0,4101477.75,232809,1667079,63506
2021-04-07,82008601.0,4100430.0500000003,244758,1675891,63699
2021-04-08,81986015.0,4099300.75,258480,1684570,63884
2021-04-09,81963537.0,4098176.85,272368,1693005,64039
2021-04-10,81943871.0,4097193.5500000003,282784,1702062,64232
2021-04-11,81922808.0,4096140.4000000004,294677,1710974,64490
2021-04-12,81899497.0,4094974.85,308604,1720084,64764
2021-04-13,81874737.0,4093736.85,323864,1729293,65055
2021-04-14,81849155.0,4092457.75,339433,1739002,65359
2021-04-15,81824077.0,4091203.85,354151,1749041,65680
2021-04-16,81798816.0,4089940.8000000003,366628,1761497,66008
2021-04-17,81777504.0,4088875.2,376430,1772688,66327
2021-04-18,81755860.0,4087793.0,384999,1785358,66732
2021-04-19,81731514.0,4086575.7,396986,1797319,67130
2021-04-20,81706022.0,4085301.1,408871,1810531,67525
2021-04-21,81681136.0,4084056.8000000003,419942,1823958,67913
2021-04-22,81657044.0,4082852.2,429949,1837590,68366
2021-04-23,81634140.0,4081707.0,439272,1850791,68746
2021-04-24,81615910.0,4080795.5,444514,1863405,69120
2021-04-25,81596745.0,4079837.25,449113,1877517,69574
2021-04-26,81575719.0,4078785.95,454931,1892229,70070
2021-04-27,81554756.0,4077737.8000000003,460471,1907190,70532
2021-04-28,81533043.0,4076652.1500000004,465859,1923081,70966
2021-04-29,81513144.0,4075657.2,470390,1938064,71351
2021-04-30,81493872.0,4074693.6,472998,1954321,71758
2021-05-01,81476792.0,4073839.6,473003,1971064,72090
2021-05-02,81458094.0,4072904.7,474206,1988165,72484
2021-05-03,81437362.0,4071868.1,477763,2004949,72875
2021-05-04,81417212.0,4070860.6,479932,2022586,73219
2021-05-05,81401340.0,4070067.0,478614,2039427,73568
2021-05-06,81382931.0,4069146.5500000003,478420,2057692,73906
2021-05-07,81365855.0,4068292.75,478764,2074089,74241
2021-05-08,81352279.0,4067613.95,473765,2092381,74524
2021-05-09,81338138.0,4066906.9000000004,470199,2109702,74910
2021-05-10,81319730.0,4065986.5,470766,2127192,75261
2021-05-11,81301597.0,4065079.85,471587,2144197,75568
2021-05-12,81285188.0,4064259.4000000004,469740,2162087,75934
2021-05-13,81270942.0,4063547.1,465886,2179890,76231
2021-05-14,81260797.0,4063039.85,459522,2196197,76433
2021-05-15,81253074.0,4062653.7,452391,2210851,76633
2021-05-16,81241783.0,4062089.1500000004,448108,2226122,76936
2021-05-17,81227464.0,4061373.2,446240,2242023,77222
2021-05-18,81213534.0,4060676.7,443837,2258046,77532
2021-05-19,81200745.0,4060037.25,441720,2272719,77765
2021-05-20,81188317.0,4059415.85,436025,2290613,77994
2021-05-21,81177067.0,4058853.35,432864,2304824,78194
2021-05-22,81169062.0,4058453.1,425760,2319746,78381
2021-05-23,81160431.0,4058021.5500000003,420132,2333789,78597
2021-05-24,81149426.0,4057471.3000000003,416923,2347752,78848
2021-05-25,81137553.0,4056877.6500000004,413912,2362428,79056
2021-05-26,81127085.0,4056354.25,407506,2379139,79219
2021-05-27,81117091.0,4055854.5500000003,399934,2396540,79384
2021-05-28,81106838.0,4055341.9000000004,396291,2410252,79568
2021-05-29,81099731.0,4054986.5500000003,388444,2425033,79741
2021-05-30,81090855.0,4054542.75,380627,2441528,79939
2021-05-31,81079813.0,4053990.6500000004,374296,2458684,80156
2021-06-01,81069126.0,4053456.3000000003,365900,2477596,80327
2021-06-02,81057506.0,4052875.3000000003,360847,2494108,80488
2021-06-03,81047849.0,4052392.45,355535,2508907,80658
2021-06-04,81038640.0,4051932.0,350794,2522702,80813
2021-06-05,81032198.0,4051609.9000000004,342718,2537092,80941
2021-06-06,81026586.0,4051329.3000000003,332899,2552401,81063
2021-06-07,81021679.0,4051083.95,324115,2565972,81183
2021-06-08,81012833.0,4050641.6500000004,320491,2578263,81362
2021-06-09,81002235.0,4050111.75,318513,2590682,81519
2021-06-10,80989837.0,4049491.85,309349,2612091,81672
2021-06-11,80979871.0,4048993.5500000003,306480,2624802,81796
2021-06-12,80972427.0,4048621.35,298330,2640281,81911
2021-06-13,80964232.0,4048211.6,293827,2652792,82098
2021-06-14,80953517.0,4047675.85,290614,2666601,82217
2021-06-15,80943301.0,4047165.0500000003,284087,2683210,82351
2021-06-16,80932814.0,4046640.7,281221,2696434,82480
2021-06-17,80922523.0,4046126.1500000004,279064,2708743,82619
2021-06-18,80912423.0,4045621.1500000004,275168,2722612,82746
2021-06-19,80905975.0,4045298.75,268107,2736013,82854
2021-06-20,80897814.0,4044890.7,263850,2748320,82965
2021-06-21,80887329.0,4044366.45,262290,2760229,83101
2021-06-22,80875613.0,4043780.6500000004,262414,2771705,83217
2021-06-23,80864554.0,4043227.7,261052,2784014,83329
2021-06-24,80852820.0,4042641.0,259551,2797105,83473
2021-06-25,80842000.0,4042100.0,257766,2809595,83588
2021-06-26,80834966.0,4041748.3000000003,251568,2822704,83711
2021-06-27,80825208.0,4041260.4000000004,248263,2835633,83845
2021-06-28,80812857.0,4040642.85,248065,2848042,83985
2021-06-29,80800140.0,4040007.0,246421,2862261,84127
2021-06-30,80788392.0,4039419.6,243465,2876828,84264
2021-07-01,80774089.0,4038704.45,244532,2889939,84389
2021-07-02,80760253.0,4038012.6500000004,246040,2902140,84516
2021-07-03,80751912.0,4037595.6,241580,2914830,84627
2021-07-04,80738131.0,4036906.5500000003,243760,2926266,84792
2021-07-05,80722106.0,4036105.3000000003,245020,2940874,84949
2021-07-06,80706026.0,4035301.3000000003,248242,2953586,85095
2021-07-07,80688814.0,4034440.7,251053,2967821,85261
2021-07-08,80665423.0,4033271.1500000004,261110,2981019,85397
2021-07-09,80648827.0,4032441.35,263384,2995195,85543
2021-07-10,80637163.0,4031858.1500000004,260002,3010090,85694
2021-07-11,80619499.0,4030974.95,261680,3025911,85859
2021-07-12,80598670.0,4029933.5,266697,3041541,86041
2021-07-13,80575920.0,4028796.0,274662,3056160,86207
2021-07-14,80552549.0,4027627.45,284066,3069943,86391
2021-07-15,80528894.0,4026444.7,291446,3086017,86592
2021-07-16,80507009.0,4025350.45,297531,3101618,86791
2021-07-17,80491870.0,4024593.5,295764,3118349,86966
2021-07-18,80469686.0,4023484.3000000003,301042,3135060,87161
2021-07-19,80444245.0,4022212.25,308677,3152653,87374
2021-07-20,80416801.0,4020840.0500000003,319690,3168834,87624
2021-07-21,80389422.0,4019471.1,329744,3185946,87837
2021-07-22,80369109.0,4018455.45,331641,3204136,88063
2021-07-23,80347295.0,4017364.75,336936,3220445,88273
2021-07-24,80328663.0,4016433.1500000004,336582,3239172,88532
2021-07-25,80301517.0,4015075.85,345776,3256856,88800
2021-07-26,80269703.0,4013485.1500000004,359778,3274346,89122
2021-07-27,80234752.0,4011737.6,376739,3291979,89479
2021-07-28,80200935.0,4010046.75,392069,3310163,89782
2021-07-29,80166502.0,4008325.1,407308,3329065,90074
2021-07-30,80141787.0,4007089.35,412455,3348363,90344
2021-07-31,80121941.0,4006097.0500000003,413106,3367272,90630
2021-08-01,80089430.0,4004471.5,427328,3385195,90996
2021-08-02,80052241.0,4002612.0500000003,444768,3404533,91407
2021-08-03,80013222.0,4000661.1,463292,3424650,91785
2021-08-04,79973865.0,3998693.25,482092,3444798,92194
2021-08-05,79935191.0,3996759.5500000003,520332,3444798,92628
2021-08-06,79900278.0,3995013.9000000004,554787,3444798,93086
2021-08-07,79873839.0,3993691.95,580839,3444798,93473
2021-08-08,79834220.0,3991711.0,619916,3444798,94015
2021-08-09,79793412.0,3989670.6,660136,3444798,94603
2021-08-10,79754273.0,3987713.6500000004,698767,3444798,95111
2021-08-11,79711732.0,3985586.6,740772,3444798,95647
2021-08-12,79672683.0,3983634.1500000004,779253,3444798,96215
2021-08-13,79633564.0,3981678.2,817845,3444798,96742
2021-08-14,79603864.0,3980193.2,847079,3444798,97208
2021-08-15,79567128.0,3978356.4000000004,883195,3444798,97828
2021-08-16,79525934.0,3976296.7,923734,3444798,98483
2021-08-17,79475706.0,3973785.3000000003,973337,3444798,99108
2021-08-18,79436532.0,3971826.6,1011928,3444798,99691
2021-08-19,79405266.0,3970263.3000000003,1042630,3444798,100255
2021-08-20,79376433.0,3968821.6500000004,1070908,3444798,100810
2021-08-21,79352254.0,3967612.7,1094543,3444798,101354
2021-08-22,79315835.0,3965791.75,1130278,3444798,102038
2021-08-23,79277178.0,3963858.9000000004,1168325,3444798,102648
2021-08-24,79236555.0,3961827.75,1208239,3444798,103357
2021-08-25,79196572.0,3959828.6,1247557,3444798,104022
2021-08-26,79159814.0,3957990.7,1283621,3444798,104716
2021-08-27,79123535.0,3956176.75,1319329,3444798,105287
2021-08-28,79097501.0,3954875.0500000003,1344749,3444798,105901
2021-08-29,79065985.0,3953299.25,1375684,3444798,106482
2021-08-30,79032205.0,3951610.25,1408795,3444798,107151
2021-08-31,79000886.0,3950044.3000000003,1439471,3444798,107794
2021-09-01,78967716.0,3948385.8000000003,1472042,3444798,108393
2021-09-02,78937437.0,3946871.85,1501726,3444798,108988
2021-09-03,78909816.0,3945490.8000000003,1528786,3444798,109549
2021-09-04,78889412.0,3944470.6,1548675,3444798,110064
2021-09-05,78863542.0,3943177.1,1573935,3444798,110674
2021-09-06,78835963.0,3941798.1500000004,1600931,3444798,111257
2021-09-07,78808825.0,3940441.25,1627434,3444798,111892
2021-09-08,78781971.0,3939098.5500000003,1653750,3444798,112430
2021-09-09,78755150.0,3937757.5,1680066,3444798,112935
2021-09-10,78734036.0,3936701.8000000003,1700735,3444798,113380
2021-09-11,78717382.0,3935869.1,1716945,3444798,113824
2021-09-12,78697163.0,3934858.1500000004,1736677,3444798,114311
2021-09-13,78674622.0,3933731.1,1758770,3444798,114759
2021-09-14,78652293.0,3932614.6500000004,1780691,3444798,115167
2021-09-15,78632562.0,3931628.1,1799970,3444798,115619
2021-09-16,78614541.0,3930727.0500000003,1817538,3444798,116072
2021-09-17,78596936.0,3929846.8000000003,1834779,3444798,116436
2021-09-18,78584089.0,3929204.45,1847271,3444798,116791
2021-09-19,78568114.0,3928405.7,1862855,3444798,117182
2021-09-20,78550717.0,3927535.85,1879908,3444798,117526
2021-09-21,78533153.0,3926657.6500000004,1897093,3444798,117905
2021-09-22,78515720.0,3925786.0,1914240,3444798,118191
2021-09-23,78499358.0,3924967.9000000004,1930285,3444798,118508
2021-09-24,78484064.0,3924203.2,1945295,3444798,118792
2021-09-25,78473221.0,3923661.0500000003,1955848,3444798,119082
2021-09-26,78459429.0,3922971.45,1969362,3444798,119360
2021-09-27,78444959.0,3922247.95,1983543,3444798,119649
2021-09-28,78433258.0,3921662.9000000004,1995005,3444798,119888
2021-09-29,78419987.0,3920999.35,2008004,3444798,120160
2021-09-30,78405909.0,3920295.45,2021814,3444798,120428
2021-10-01,78391384.0,3919569.2,2036104,3444798,120663
2021-10-02,78381249.0,3919062.45,2046022,3444798,120880
2021-10-03,78368821.0,3918441.0500000003,2058221,3444798,121109
2021-10-04,78354214.0,3917710.7,2072590,3444798,121347
2021-10-05,78340988.0,3917049.4000000004,2085600,3444798,121563
2021-10-06,78330491.0,3916524.5500000003,2095881,3444798,121779
2021-10-07,78318866.0,3915943.3000000003,2107273,3444798,122012
2021-10-08,78308969.0,3915448.45,2116985,3444798,122197
2021-10-09,78301315.0,3915065.75,2124466,3444798,122370
2021-10-10,78290059.0,3914502.95,2135500,3444798,122592
2021-10-11,78276555.0,3913827.75,2148728,3444798,122868
2021-10-12,78263164.0,3913158.2,2161906,3444798,123081
2021-10-13,78250866.0,3912543.3000000003,2174010,3444798,123275
2021-10-14,78238902.0,3911945.1,2185751,3444798,123498
2021-10-15,78227045.0,3911352.25,2197411,3444798,123695
2021-10-16,78219530.0,3910976.5,2204745,3444798,123876
2021-10-17,78208134.0,3910406.7,2215942,3444798,124075
2021-10-18,78196290.0,3909814.5,2227605,3444798,124256
2021-10-19,78182982.0,3909149.1,2240746,3444798,124423
2021-10-20,78171212.0,3908560.6,2252354,3444798,124585
2021-10-21,78159424.0,3907971.2,2263964,3444798,124763
2021-10-22,78148360.0,3907418.0,2274863,3444798,124928
2021-10-23,78141279.0,3907063.95,2281820,3444798,125052
2021-10-24,78132105.0,3906605.25,2290823,3444798,125223
2021-10-25,78124589.0,3906229.45,2298199,3444798,125363
2021-10-26,78115493.0,3905774.6500000004,2307139,3444798,125519
2021-10-27,78104849.0,3905242.45,2317586,3444798,125716
2021-10-28,78093440.0,3904672.0,2328836,3444798,125875
2021-10-29,78083547.0,3904177.35,2338606,3444798,125998
2021-10-30,78076738.0,3903836.9000000004,2345287,3444798,126126
2021-10-31,78068311.0,3903415.5500000003,2353537,3444798,126303
2021-11-01,78058454.0,3902922.7,2363241,3444798,126456
2021-11-02,78048350.0,3902417.5,2373185,3444798,126616
2021-11-03,78037987.0,3901899.35,2383401,3444798,126763
2021-11-04,78028125.0,3901406.25,2393105,3444798,126921
2021-11-05,78019492.0,3900974.6,2401606,3444798,127053
2021-11-06,78012689.0,3900634.45,2408289,3444798,127173
2021-11-07,78005135.0,3900256.75,2415717,3444798,127299
2021-11-08,77996794.0,3899839.7,2423918,3444798,127439
2021-11-09,77988489.0,3899424.45,2432111,3444798,127551
2021-11-10,77980541.0,3899027.0500000003,2439924,3444798,127686
2021-11-11,77973002.0,3898650.1,2447340,3444798,127809
2021-11-12,77965680.0,3898284.0,2454553,3444798,127918
2021-11-13,77961374.0,3898068.7,2458735,3444798,128042
2021-11-14,77955231.0,3897761.5500000003,2464753,3444798,128167
2021-11-15,77947737.0,3897386.85,2472142,3444798,128272
2021-11-16,77941307.0,3897065.35,2478438,3444798,128406
2021-11-17,77935056.0,3896752.8000000003,2484564,3444798,128531
2021-11-18,77929174.0,3896458.7,2490343,3444798,128634
2021-11-19,77923390.0,3896169.5,2496027,3444798,128734
2021-11-20,77919851.0,3895992.5500000003,2499448,3444798,128852
2021-11-21,77915511.0,3895775.5500000003,2503684,3444798,128956
2021-11-22,77910084.0,3895504.2,2509014,3444798,129053
2021-11-23,77904940.0,3895247.0,2514034,3444798,129177
2021-11-24,77900127.0,3895006.35,2518744,3444798,129280
2021-11-25,77895277.0,3894763.85,2523498,3444798,129376
2021-11-26,77890893.0,3894544.6500000004,2527796,3444798,129462
2021-11-27,77887848.0,3894392.4000000004,2530754,3444798,129549
2021-11-28,77884067.0,3894203.35,2534455,3444798,129629
2021-11-29,77879757.0,3893987.85,2538683,3444798,129711
2021-11-30,77875504.0,3893775.2,2542817,3444798,129830
2021-12-01,77871192.0,3893559.6,2547047,3444798,129912
2021-12-02,77867353.0,3893367.6500000004,2550810,3444798,129988
2021-12-03,77863750.0,3893187.5,2554335,3444798,130066
2021-12-04,77861593.0,3893079.6500000004,2556434,3444798,130124
2021-12-05,77858484.0,3892924.2,2559467,3444798,130200
2021-12-06,77855128.0,3892756.4000000004,2562746,3444798,130277
2021-12-07,77851614.0,3892580.7,2566181,3444798,130356
2021-12-08,77848305.0,3892415.25,2569400,3444798,130446
2021-12-09,77845077.0,3892253.85,2572550,3444798,130524
2021-12-10,77842106.0,3892105.3000000003,2575442,3444798,130603
2021-12-11,77840425.0,3892021.25,2577065,3444798,130661
2021-12-12,77838136.0,3891906.8000000003,2579293,3444798,130722
2021-12-13,77835430.0,3891771.5,2581957,3444798,130764
2021-12-14,77832646.0,3891632.3000000003,2584674,3444798,130831
2021-12-15,77829995.0,3891499.75,2587273,3444798,130883
2021-12-16,77827495.0,3891374.75,2589710,3444798,130946
2021-12-17,77825299.0,3891264.95,2591860,3444798,130992
2021-12-18,77823938.0,3891196.9000000004,2593180,3444798,131033
2021-12-19,77821970.0,3891098.5,2595098,3444798,131083
2021-12-20,77819580.0,3890979.0,2597447,3444798,131124
2021-12-21,77817167.0,3890858.35,2599817,3444798,131167
2021-12-22,77815064.0,3890753.2,2601876,3444798,131211
2021-12-23,77813132.0,3890656.6,2603757,3444798,131262
2021-12-24,77811165.0,3890558.25,2605680,3444798,131306
2021-12-25,77810044.0,3890502.2,2606759,3444798,131348
2021-12-26,77808187.0,3890409.35,2608564,3444798,131400
2021-12-27,77806220.0,3890311.0,2610497,3444798,131434
2021-12-28,77804092.0,3890204.6,2612585,3444798,131474
2021-12-29,77802187.0,3890109.35,2614437,3444798,131527
2021-12-30,77800251.0,3890012.5500000003,2616328,3444798,131572
2021-12-31,77798548.0,3889927.4000000004,2617997,3444798,131606
2022-01-01,77797546.0,3889877.3000000003,2618966,3444798,131639
2022-01-02,77796036.0,3889801.8000000003,2620435,3444798,131680
2022-01-03,77794359.0,3889717.95,2622090,3444798,131702
2022-01-04,77792653.0,3889632.6500000004,2623762,3444798,131736
2022-01-05,77791482.0,3889574.1,2624891,3444798,131778
2022-01-06,77789903.0,3889495.1500000004,2626446,3444798,131802
2022-01-07,77788725.0,3889436.25,2627605,3444798,131821
2022-01-08,77788024.0,3889401.2,2628280,3444798,131847
2022-01-09,77786544.0,3889327.2,2629729,3444798,131878
2022-01-10,77784612.0,3889230.6,2631624,3444798,131915
2022-01-11,77782651.0,3889132.5500000003,2633560,3444798,131940
2022-01-12,77780562.0,3889028.1,2635617,3444798,131972
2022-01-13,77778168.0,3888908.4000000004,2637981,3444798,132002
2022-01-14,77775629.0,3888781.45,2640496,3444798,132026
2022-01-15,77774208.0,3888710.4000000004,2641899,3444798,132044
2022-01-16,77771916.0,3888595.8000000003,2644160,3444798,132075
2022-01-17,77768753.0,3888437.6500000004,2647303,3444798,132095
2022-01-18,77765100.0,3888255.0,2650938,3444798,132113
2022-01-19,77761040.0,3888052.0,2654979,3444798,132132
2022-01-20,77756382.0,3887819.1,2659617,3444798,132152
2022-01-21,77751106.0,3887555.3000000003,2664873,3444798,132172
2022-01-22,77747603.0,3887380.1500000004,2668346,3444798,132202
2022-01-23,77742459.0,3887122.95,2673462,3444798,132230
2022-01-24,77734768.0,3886738.4000000004,2681132,3444798,132251
2022-01-25,77725390.0,3886269.5,2690487,3444798,132274
2022-01-26,77713539.0,3885676.95,2702309,3444798,132303
2022-01-27,77699254.0,3884962.7,2716564,3444798,132333
2022-01-28,77682497.0,3884124.85,2733298,3444798,132356
2022-01-29,77670766.0,3883538.3000000003,2745005,3444798,132380
2022-01-30,77648770.0,3882438.5,2766957,3444798,132424
2022-01-31,77619775.0,3880988.75,2795922,3444798,132454
2022-02-01,77584705.0,3879235.25,2830942,3444798,132504
2022-02-02,77546545.0,3877327.25,2869043,3444798,132563
2022-02-03,77509150.0,3875457.5,2906377,3444798,132624
2022-02-04,77472242.0,3873612.1,2943228,3444798,132681
2022-02-05,77449112.0,3872455.6,2966294,3444798,132745
2022-02-06,77413683.0,3870684.1500000004,3001638,3444798,132830
2022-02-07,77373864.0,3868693.2,3041353,3444798,132934
2022-02-08,77335107.0,3866755.35,3079996,3444798,133048
2022-02-09,77296022.0,3864801.1,3118965,3444798,133164
2022-02-10,77262341.0,3863117.0500000003,3152516,3444798,133294
2022-02-11,77231094.0,3861554.7,3183620,3444798,133437
2022-02-12,77212496.0,3860624.8000000003,3202085,3444798,133570
2022-02-13,77186684.0,3859334.2,3227749,3444798,133718
2022-02-14,77157728.0,3857886.4000000004,3256537,3444798,133886
2022-02-15,77132694.0,3856634.7,3281404,3444798,134053
2022-02-16,77116384.0,3855819.2,3297529,3444798,134238
2022-02-17,77098839.0,3854941.95,3314892,3444798,134420
2022-02-18,77079522.0,3853976.1,3334022,3444798,134607
2022-02-19,77067464.0,3853373.2,3345889,3444798,134798
2022-02-20,77050497.0,3852524.85,3362614,3444798,135040
2022-02-21,77031387.0,3851569.35,3381488,3444798,135276
2022-02-22,77009314.0,3850465.7,3403338,3444798,135499
2022-02-23,76993974.0,3849698.7,3418451,3444798,135726
2022-02-24,76981017.0,3849050.85,3431182,3444798,135952
2022-02-25,76969045.0,3848452.25,3442940,3444798,136166
2022-02-26,76962006.0,3848100.3000000003,3449755,3444798,136390
2022-02-27,76952482.0,3847624.1,3459038,3444798,136631
2022-02-28,76941520.0,3847076.0,3469793,3444798,136838
2022-03-01,76932208.0,3846610.4000000004,3478879,3444798,137064
2022-03-02,76925974.0,3846298.7,3484910,3444798,137267
2022-03-03,76919202.0,3845960.1,3491510,3444798,137439
2022-03-04,76912732.0,3845636.6,3497826,3444798,137593
2022-03-05,76908643.0,3845432.1500000004,3501761,3444798,137747
2022-03-06,76903057.0,3845152.85,3507146,3444798,137948
2022-03-07,76896631.0,3844831.5500000003,3513404,3444798,138116
2022-03-08,76890790.0,3844539.5,3519101,3444798,138260
2022-03-09,76885782.0,3844289.1,3523936,3444798,138433
2022-03-10,76879358.0,3843967.9000000004,3530221,3444798,138572
2022-03-11,76875405.0,3843770.25,3534035,3444798,138711
2022-03-12,76873186.0,3843659.3000000003,3536134,3444798,138831
2022-03-13,76869856.0,3843492.8000000003,3539346,3444798,138949
2022-03-14,76866043.0,3843302.1500000004,3543045,3444798,139063
2022-03-15,76862820.0,3843141.0,3546151,3444798,139180
2022-03-16,76859810.0,3842990.5,3549052,3444798,139289
2022-03-17,76857230.0,3842861.5,3551534,3444798,139387
2022-03-18,76855055.0,3842752.75,3553618,3444798,139478
2022-03-19,76853732.0,3842686.6,3554869,3444798,139550
2022-03-20,76851916.0,3842595.8000000003,3556625,3444798,139610
2022-03-21,76850662.0,3842533.1,3557827,3444798,139662
2022-03-22,76849540.0,3842477.0,3558876,3444798,139735
2022-03-23,76848417.0,3842420.85,3559932,3444798,139802
2022-03-24,76847072.0,3842353.6,3561214,3444798,139865
2022-03-25,76845542.0,3842277.1,3562692,3444798,139917
2022-03-26,76844160.0,3842208.0,3564020,3444798,139971
2022-03-27,76841861.0,3842093.0500000003,3566269,3444798,140021
2022-03-28,76838946.0,3841947.3000000003,3569142,3444798,140063
2022-03-29,76836203.0,3841810.1500000004,3571839,3444798,140109
2022-03-30,76833216.0,3841660.8000000003,3574777,3444798,140158
2022-03-31,76830729.0,3841536.45,3577218,3444798,140204
2022-04-01,76828465.0,3841423.25,3579446,3444798,140240
2022-04-02,76826578.0,3841328.9000000004,3581296,3444798,140277
2022-04-03,76825303.0,3841265.1500000004,3582533,3444798,140315
2022-04-04,76821784.0,3841089.2,3585999,3444798,140368
2022-04-05,76817169.0,3840858.45,3590575,3444798,140407
2022-04-06,76812941.0,3840647.0500000003,3594759,3444798,140451
2022-04-07,76809141.0,3840457.0500000003,3598518,3444798,140492
2022-04-08,76805957.0,3840297.85,3601666,3444798,140528
2022-04-09,76804200.0,3840210.0,3603374,3444798,140577
2022-04-10,76801306.0,3840065.3000000003,3606229,3444798,140616
2022-04-11,76798181.0,3839909.0500000003,3609320,3444798,140650
2022-04-12,76795444.0,3839772.2,3612029,3444798,140678
2022-04-13,76793088.0,3839654.4000000004,3614352,3444798,140711
2022-04-14,76790894.0,3839544.7,3616513,3444798,140744
2022-04-15,76788900.0,3839445.0,3618474,3444798,140777
2022-04-16,76787885.0,3839394.25,3619466,3444798,140800
2022-04-17,76785990.0,3839299.5,3621332,3444798,140829
2022-04-18,76783981.0,3839199.0500000003,3623316,3444798,140854
2022-04-19,76782161.0,3839108.0500000003,3625113,3444798,140877
2022-04-20,76780554.0,3839027.7,3626701,3444798,140896
2022-04-21,76779141.0,3838957.0500000003,3628091,3444798,140919
2022-04-22,76778045.0,3838902.25,3629166,3444798,140940
2022-04-23,76777437.0,3838871.85,3629762,3444798,140952
2022-04-24,76776909.0,3838845.45,3630267,3444798,140975
2022-04-25,76775832.0,3838791.6,3631323,3444798,140996
2022-04-26,76774525.0,3838726.25,3632602,3444798,141024
2022-04-27,76773516.0,3838675.8000000003,3633594,3444798,141041
2022-04-28,76772547.0,3838627.35,3634546,3444798,141058
2022-04-29,76771828.0,3838591.4000000004,3635251,3444798,141072
2022-04-30,76771296.0,3838564.8000000003,3635772,3444798,141083
2022-05-01,76770641.0,3838532.0500000003,3636414,3444798,141096
2022-05-02,76769944.0,3838497.2,3637093,3444798,141114
2022-05-03,76769373.0,3838468.6500000004,3637647,3444798,141131
2022-05-04,76769121.0,3838456.0500000003,3637892,3444798,141138
2022-05-05,76768893.0,3838444.6500000004,3638113,3444798,141145
2022-05-06,76768518.0,3838425.9000000004,3638476,3444798,141157
2022-05-07,76768248.0,3838412.4000000004,3638738,3444798,141165
2022-05-08,76767760.0,3838388.0,3639214,3444798,141177
2022-05-09,76767190.0,3838359.5,3639772,3444798,141189
2022-05-10,76766730.0,3838336.5,3640229,3444798,141192
2022-05-11,76766277.0,3838313.85,3640676,3444798,141198
2022-05-12,76765906.0,3838295.3000000003,3641044,3444798,141201
2022-05-13,76765521.0,3838276.0500000003,3641421,3444798,141209
2022-05-14,76765266.0,3838263.3000000003,3641669,3444798,141216
2022-05-15,76764898.0,3838244.9000000004,3642029,3444798,141224
2022-05-16,76764515.0,3838225.75,3642404,3444798,141232
2022-05-17,76764163.0,3838208.1500000004,3642752,3444798,141236
2022-05-18,76763875.0,3838193.75,3643032,3444798,141244
2022-05-19,76763595.0,3838179.75,3643303,3444798,141253
2022-05-20,76763367.0,3838168.35,3643522,3444798,141262
2022-05-21,76763208.0,3838160.4000000004,3643672,3444798,141271
2022-05-22,76762896.0,3838144.8000000003,3643981,3444798,141274
2022-05-23,76762628.0,3838131.4000000004,3644242,3444798,141281
2022-05-24,76762360.0,3838118.0,3644503,3444798,141288
2022-05-25,76762067.0,3838103.35,3644791,3444798,141293
2022-05-26,76761850.0,3838092.5,3645005,3444798,141296
2022-05-27,76761665.0,3838083.25,3645184,3444798,141302
2022-05-28,76761562.0,3838078.1,3645283,3444798,141306
2022-05-29,76761387.0,3838069.35,3645456,3444798,141308
2022-05-30,76761147.0,3838057.35,3645694,3444798,141310
2022-05-31,76760915.0,3838045.75,3645921,3444798,141315
2022-06-01,76760681.0,3838034.0500000003,3646152,3444798,141318
2022-06-02,76760506.0,3838025.3000000003,3646327,3444798,141318
2022-06-03,76760335.0,3838016.75,3646495,3444798,141321
2022-06-04,76760271.0,3838013.5500000003,3646552,3444798,141328
2022-06-05,76760218.0,3838010.9000000004,3646602,3444798,141331
2022-06-06,76760159.0,3838007.95,3646660,3444798,141332
2022-06-07,76760020.0,3838001.0,3646792,3444798,141339
2022-06-08,76759832.0,3837991.6,3646977,3444798,141342
2022-06-09,76759630.0,3837981.5,3647178,3444798,141343
2022-06-10,76759477.0,3837973.85,3647331,3444798,141343
2022-06-11,76759421.0,3837971.0500000003,3647381,3444798,141349
2022-06-12,76759261.0,3837963.0500000003,3647540,3444798,141350
2022-06-13,76759069.0,3837953.45,3647730,3444798,141352
2022-06-14,76758907.0,3837945.35,3647891,3444798,141353
2022-06-15,76758728.0,3837936.4000000004,3648066,3444798,141357
2022-06-16,76758582.0,3837929.1,3648209,3444798,141360
2022-06-17,76758426.0,3837921.3000000003,3648364,3444798,141361
2022-06-18,76758352.0,3837917.6,3648436,3444798,141363
2022-06-19,76758192.0,3837909.6,3648596,3444798,141363
2022-06-20,76757961.0,3837898.0500000003,3648824,3444798,141366
2022-06-21,76757774.0,3837888.7,3649007,3444798,141370
2022-06-22,76757509.0,3837875.45,3649269,3444798,141373
2022-06-23,76757253.0,3837862.6500000004,3649521,3444798,141377
2022-06-24,76757021.0,3837851.0500000003,3649751,3444798,141379
2022-06-25,76756885.0,3837844.25,3649883,3444798,141383
2022-06-26,76756588.0,3837829.4000000004,3650178,3444798,141385
2022-06-27,76756236.0,3837811.8000000003,3650529,3444798,141386
2022-06-28,76755793.0,3837789.6500000004,3650972,3444798,141386
2022-06-29,76755352.0,3837767.6,3651413,3444798,141386
2022-06-30,76754823.0,3837741.1500000004,3651939,3444798,141389
2022-07-01,76754360.0,3837718.0,3652401,3444798,141390
2022-07-02,76754109.0,3837705.45,3652652,3444798,141390
2022-07-03,76753392.0,3837669.6,3653363,3444798,141396
2022-07-04,76752385.0,3837619.25,3654362,3444798,141404
2022-07-05,76751301.0,3837565.0500000003,3655442,3444798,141408
2022-07-06,76750030.0,3837501.5,3656708,3444798,141413
2022-07-07,76748255.0,3837412.75,3658476,3444798,141420
2022-07-08,76746242.0,3837312.1,3660482,3444798,141427
2022-07-09,76745348.0,3837267.4000000004,3661374,3444798,141429
2022-07-10,76742973.0,3837148.6500000004,3663739,3444798,141439
2022-07-11,76741520.0,3837076.0,3665187,3444798,141444
2022-07-12,76737932.0,3836896.6,3668768,3444798,141451
2022-07-13,76732932.0,3836646.6,3673763,3444798,141456
2022-07-14,76727698.0,3836384.9000000004,3678989,3444798,141464
2022-07-15,76722926.0,3836146.3000000003,3683748,3444798,141477
2022-07-16,76720222.0,3836011.1,3686443,3444798,141486
2022-07-17,76714471.0,3835723.5500000003,3692181,3444798,141499
2022-07-18,76708784.0,3835439.2,3697854,3444798,141513
2022-07-19,76703407.0,3835170.35,3703212,3444798,141532
2022-07-20,76696314.0,3834815.7,3710273,3444798,141564
2022-07-21,76688399.0,3834419.95,3718159,3444798,141593
2022-07-22,76680548.0,3834027.4000000004,3725979,3444798,141624
2022-07-23,76673627.0,3833681.35,3732874,3444798,141650
2022-07-24,76664796.0,3833239.8000000003,3741671,3444798,141684
2022-07-25,76655021.0,3832751.0500000003,3751413,3444798,141717
2022-07-26,76643986.0,3832199.3000000003,3762407,3444798,141758
2022-07-27,76633460.0,3831673.0,3772896,3444798,141795
2022-07-28,76624004.0,3831200.2,3782310,3444798,141837
2022-07-29,76616155.0,3830807.75,3790105,3444798,141891
2022-07-30,76611650.0,3830582.5,3794564,3444798,141937
2022-07-31,76601923.0,3830096.1500000004,3804230,3444798,141998
2022-08-01,76592224.0,3829611.2,3813867,3444798,142060
2022-08-02,76582874.0,3829143.7,3823143,3444798,142134
2022-08-03,76574334.0,3828716.7,3831608,3444798,142209
2022-08-04,76566919.0,3828345.95,3838942,3444798,142290
2022-08-05,76561464.0,3828073.2,3844350,3444798,142337
2022-08-06,76558004.0,3827900.2,3847749,3444798,142398
2022-08-07,76552527.0,3827626.35,3853163,3444798,142461
2022-08-08,76549148.0,3827457.4000000004,3856488,3444798,142515
2022-08-09,76546805.0,3827340.25,3858782,3444798,142564
2022-08-10,76541170.0,3827058.5,3864327,3444798,142654
2022-08-11,76533774.0,3826688.7,3871639,3444798,142738
2022-08-12,76527370.0,3826368.5,3877975,3444798,142806
2022-08-13,76524055.0,3826202.75,3881235,3444798,142861
2022-08-14,76517776.0,3825888.8000000003,3887431,3444798,142944
2022-08-15,76510428.0,3825521.4000000004,3894708,3444798,143015
2022-08-16,76504456.0,3825222.8000000003,3900602,3444798,143093
2022-08-17,76499632.0,3824981.6,3905359,3444798,143160
2022-08-18,76495105.0,3824755.25,3909824,3444798,143222
2022-08-19,76491415.0,3824570.75,3913448,3444798,143288
2022-08-20,76489580.0,3824479.0,3915239,3444798,143332
2022-08-21,76486335.0,3824316.75,3918429,3444798,143387
2022-08-22,76482247.0,3824112.35,3922455,3444798,143449
2022-08-23,76479021.0,3823951.0500000003,3925625,3444798,143505
2022-08-24,76476353.0,3823817.6500000004,3928248,3444798,143550
2022-08-25,76473975.0,3823698.75,3930564,3444798,143612
2022-08-26,76471956.0,3823597.8000000003,3932548,3444798,143647
2022-08-27,76470980.0,3823549.0,3933487,3444798,143684
2022-08-28,76469287.0,3823464.35,3935136,3444798,143728
2022-08-29,76467321.0,3823366.0500000003,3937054,3444798,143776
2022-08-30,76465450.0,3823272.5,3938881,3444798,143820
2022-08-31,76463988.0,3823199.4000000004,3940296,3444798,143867
2022-09-01,76462624.0,3823131.2,3941633,3444798,143894
2022-09-02,76461557.0,3823077.85,3942677,3444798,143917
2022-09-03,76461025.0,3823051.25,3943179,3444798,143947
2022-09-04,76459862.0,3822993.1,3944294,3444798,143995
2022-09-05,76458767.0,3822938.35,3945365,3444798,144019
2022-09-06,76457677.0,3822883.85,3946426,3444798,144048
2022-09-07,76456732.0,3822836.6,3947334,3444798,144085
2022-09-08,76455868.0,3822793.4000000004,3948175,3444798,144108
2022-09-09,76455168.0,3822758.4000000004,3948848,3444798,144135
2022-09-10,76454824.0,3822741.2,3949173,3444798,144154
2022-09-11,76454128.0,3822706.4000000004,3949845,3444798,144178
2022-09-12,76453251.0,3822662.5500000003,3950701,3444798,144199
2022-09-13,76452633.0,3822631.6500000004,3951297,3444798,144221
2022-09-14,76451987.0,3822599.35,3951921,3444798,144243
2022-09-15,76451363.0,3822568.1500000004,3952530,3444798,144258
2022-09-16,76450719.0,3822535.95,3953159,3444798,144273
2022-09-17,76450416.0,3822520.8000000003,3953448,3444798,144287
2022-09-18,76450127.0,3822506.35,3953723,3444798,144301
2022-09-19,76449401.0,3822470.0500000003,3954431,3444798,144319
2022-09-20,76448409.0,3822420.45,3955398,3444798,144344
2022-09-21,76447598.0,3822379.9000000004,3956195,3444798,144358
2022-09-22,76447094.0,3822354.7,3956693,3444798,144364
2022-09-23,76446673.0,3822333.6500000004,3957111,3444798,144367
2022-09-24,76446276.0,3822313.8000000003,3957493,3444798,144382
2022-09-25,76445860.0,3822293.0,3957897,3444798,144394
2022-09-26,76445552.0,3822277.6,3958197,3444798,144402
2022-09-27,76445243.0,3822262.1500000004,3958499,3444798,144409
2022-09-28,76444981.0,3822249.0500000003,3958754,3444798,144416
2022-09-29,76444629.0,3822231.45,3959101,3444798,144421
2022-09-30,76444301.0,3822215.0500000003,3959424,3444798,144426
2022-10-01,76443763.0,3822188.1500000004,3959959,3444798,144429
2022-10-02,76443363.0,3822168.1500000004,3960349,3444798,144439
2022-10-03,76442928.0,3822146.4000000004,3960775,3444798,144448
2022-10-04,76442548.0,3822127.4000000004,3961145,3444798,144458
2022-10-05,76442258.0,3822112.9000000004,3961427,3444798,144466
2022-10-06,76442093.0,3822104.6500000004,3961589,3444798,144469
2022-10-07,76441927.0,3822096.35,3961753,3444798,144471
2022-10-08,76441592.0,3822079.6,3962081,3444798,144478
2022-10-09,76441269.0,3822063.45,3962396,3444798,144486
2022-10-10,76440545.0,3822027.25,3963116,3444798,144490
2022-10-11,76440137.0,3822006.85,3963516,3444798,144498
2022-10-12,76439780.0,3821989.0,3963869,3444798,144502
2022-10-13,76439495.0,3821974.75,3964150,3444798,144506
2022-10-14,76439340.0,3821967.0,3964301,3444798,144510
2022-10-15,76438943.0,3821947.1500000004,3964692,3444798,144516
2022-10-16,76438616.0,3821930.8000000003,3965016,3444798,144519
2022-10-17,76438246.0,3821912.3000000003,3965382,3444798,144523
2022-10-18,76437939.0,3821896.95,3965685,3444798,144527
2022-10-19,76437594.0,3821879.7,3966026,3444798,144531
2022-10-20,76437394.0,3821869.7,3966221,3444798,144536
2022-10-21,76437255.0,3821862.75,3966356,3444798,144540
2022-10-22,76437046.0,3821852.3000000003,3966562,3444798,144543
2022-10-23,76436852.0,3821842.6,3966755,3444798,144544
2022-10-24,76436317.0,3821815.85,3967286,3444798,144548
2022-10-25,76436095.0,3821804.75,3967501,3444798,144555
2022-10-26,76435925.0,3821796.25,3967667,3444798,144559
2022-10-27,76435815.0,3821790.75,3967774,3444798,144562
2022-10-28,76435709.0,3821785.45,3967877,3444798,144565
2022-10-29,76435585.0,3821779.25,3967995,3444798,144571
2022-10-30,76435512.0,3821775.6,3968068,3444798,144571
2022-10-31,76435299.0,3821764.95,3968276,3444798,144576
2022-11-01,76435144.0,3821757.2,3968427,3444798,144580
2022-11-02,76435144.0,3821757.2,3968427,3444798,144580
2022-11-03,76434987.0,3821749.35,3968581,3444798,144583
2022-11-04,76434947.0,3821747.35,3968617,3444798,144587
2022-11-05,76434871.0,3821743.5500000003,3968688,3444798,144592
2022-11-06,76434807.0,3821740.35,3968748,3444798,144596
2022-11-07,76434447.0,3821722.35,3969104,3444798,144600
2022-11-08,76434356.0,3821717.8000000003,3969191,3444798,144604
2022-11-09,76434259.0,3821712.95,3969287,3444798,144605
2022-11-10,76434187.0,3821709.35,3969357,3444798,144607
2022-11-11,76434137.0,3821706.85,3969405,3444798,144609
2022-11-12,76434056.0,3821702.8000000003,3969485,3444798,144610
2022-11-13,76433999.0,3821699.95,3969540,3444798,144612
2022-11-14,76433948.0,3821697.4000000004,3969590,3444798,144613
2022-11-15,76433894.0,3821694.7,3969644,3444798,144613
2022-11-16,76433894.0,3821694.7,3969644,3444798,144613
2022-11-17,76433785.0,3821689.25,3969749,3444798,144617
2022-11-18,76433738.0,3821686.9000000004,3969793,3444798,144620
2022-11-19,76433691.0,3821684.5500000003,3969835,3444798,144625
2022-11-20,76433653.0,3821682.6500000004,3969872,3444798,144626
2022-11-21,76433581.0,3821679.0500000003,3969943,3444798,144627
2022-11-22,76433533.0,3821676.6500000004,3969988,3444798,144630
2022-11-23,76433503.0,3821675.1500000004,3970016,3444798,144632
2022-11-24,76433482.0,3821674.1,3970036,3444798,144633
2022-11-25,76433457.0,3821672.85,3970061,3444798,144633
2022-11-26,76433423.0,3821671.1500000004,3970095,3444798,144633
2022-11-27,76433360.0,3821668.0,3970158,3444798,144633
2022-11-28,76433315.0,3821665.75,3970203,3444798,144633
2022-11-29,76433285.0,3821664.25,3970233,3444798,144633
2022-11-30,76433243.0,3821662.1500000004,3970275,3444798,144633
2022-12-01,76433212.0,3821660.6,3970305,3444798,144634
2022-12-02,76433189.0,3821659.45,3970328,3444798,144634
2022-12-03,76433150.0,3821657.5,3970364,3444798,144637
2022-12-04,76433094.0,3821654.7,3970417,3444798,144640
2022-12-05,76433025.0,3821651.25,3970481,3444798,144645
2022-12-06,76432991.0,3821649.5500000003,3970512,3444798,144648
2022-12-07,76432950.0,3821647.5,3970552,3444798,144649
2022-12-08,76432901.0,3821645.0500000003,3970599,3444798,144651
2022-12-09,76432882.0,3821644.1,3970617,3444798,144652
2022-12-10,76432844.0,3821642.2,3970649,3444798,144658
2022-12-11,76432787.0,3821639.35,3970706,3444798,144658
2022-12-12,76432732.0,3821636.6,3970761,3444798,144658
2022-12-13,76432702.0,3821635.1,3970791,3444798,144658
2022-12-14,76432655.0,3821632.75,3970838,3444798,144658
2022-12-15,76432626.0,3821631.3000000003,3970866,3444798,144659
2022-12-16,76432626.0,3821631.3000000003,3970866,3444798,144659
2022-12-17,76432560.0,3821628.0,3970930,3444798,144661
2022-12-18,76432505.0,3821625.25,3970982,3444798,144664
2022-12-19,76432430.0,3821621.5,3971057,3444798,144664
2022-12-20,76432368.0,3821618.4000000004,3971116,3444798,144667
2022-12-21,76432320.0,3821616.0,3971159,3444798,144672
2022-12-22,76432282.0,3821614.1,3971197,3444798,144672
2022-12-23,76432261.0,3821613.0500000003,3971217,3444798,144673
2022-12-24,76432218.0,3821610.9000000004,3971260,3444798,144673
2022-12-25,76432157.0,3821607.85,3971320,3444798,144674
2022-12-26,76432097.0,3821604.85,3971379,3444798,144675
2022-12-27,76432062.0,3821603.1,3971412,3444798,144677
2022-12-28,76432002.0,3821600.1,3971472,3444798,144677
2022-12-29,76431951.0,3821597.5500000003,3971518,3444798,144682
2022-12-30,76431891.0,3821594.5500000003,3971578,3444798,144682
2022-12-31,76431809.0,3821590.45,3971657,3444798,144685
2023-01-01,76431736.0,3821586.8000000003,3971727,3444798,144688
2023-01-02,76431640.0,3821582.0,3971818,3444798,144693
2023-01-03,76431521.0,3821576.0500000003,3971934,3444798,144696
2023-01-04,76431408.0,3821570.4000000004,3972047,3444798,144696
2023-01-05,76431325.0,3821566.25,3972127,3444798,144699
2023-01-06,76431248.0,3821562.4000000004,3972199,3444798,144704
2023-01-07,76431141.0,3821557.0500000003,3972304,3444798,144706
2023-01-08,76431024.0,3821551.2,3972419,3444798,144708
2023-01-09,76430889.0,3821544.45,3972552,3444798,144710
2023-01-10,76430780.0,3821539.0,3972654,3444798,144717
2023-01-11,76430674.0,3821533.7,3972757,3444798,144720
2023-01-12,76430578.0,3821528.9000000004,3972851,3444798,144722
2023-01-13,76430503.0,3821525.1500000004,3972925,3444798,144723
2023-01-14,76430454.0,3821522.7,3972973,3444798,144724
2023-01-15,76430339.0,3821516.95,3973085,3444798,144727
2023-01-16,76430194.0,3821509.7,3973230,3444798,144727
2023-01-17,76430081.0,3821504.0500000003,3973342,3444798,144728
2023-01-18,76429951.0,3821497.5500000003,3973472,3444798,144728
2023-01-19,76429853.0,3821492.6500000004,3973568,3444798,144730
2023-01-20,76429782.0,3821489.1,3973637,3444798,144732
2023-01-21,76429676.0,3821483.8000000003,3973741,3444798,144734
2023-01-22,76429564.0,3821478.2,3973852,3444798,144735
2023-01-23,76429444.0,3821472.2,3973970,3444798,144737
2023-01-24,76429326.0,3821466.3000000003,3974084,3444798,144741
2023-01-25,76429221.0,3821461.0500000003,3974186,3444798,144744
2023-01-26,76429124.0,3821456.2,3974283,3444798,144744
2023-01-27,76429026.0,3821451.3000000003,3974381,3444798,144744
2023-01-28,76428903.0,3821445.1500000004,3974504,3444798,144744
2023-01-29,76428803.0,3821440.1500000004,3974601,3444798,144747
2023-01-30,76428697.0,3821434.85,3974707,3444798,144747
2023-01-31,76428599.0,3821429.95,3974803,3444798,144749
2023-02-01,76428482.0,3821424.1,3974918,3444798,144751
2023-02-02,76428398.0,3821419.9000000004,3975001,3444798,144752
2023-02-03,76428335.0,3821416.75,3975062,3444798,144754
2023-02-04,76428286.0,3821414.3000000003,3975109,3444798,144756
2023-02-05,76428193.0,3821409.6500000004,3975201,3444798,144757
2023-02-06,76428068.0,3821403.4000000004,3975319,3444798,144764
2023-02-07,76427924.0,3821396.2,3975459,3444798,144768
2023-02-08,76427805.0,3821390.25,3975575,3444798,144771
2023-02-09,76427696.0,3821384.8000000003,3975680,3444798,144775
2023-02-10,76427582.0,3821379.1,3975790,3444798,144779
2023-02-11,76427582.0,3821379.1,3975790,3444798,144779
2023-02-12,76427397.0,3821369.85,3975973,3444798,144781
2023-02-13,76427271.0,3821363.5500000003,3976097,3444798,144783
2023-02-14,76427084.0,3821354.2,3976279,3444798,144788
2023-02-15,76426906.0,3821345.3000000003,3976456,3444798,144789
2023-02-16,76426684.0,3821334.2,3976674,3444798,144793
2023-02-17,76426684.0,3821334.2,3976674,3444798,144793
2023-02-18,76426638.0,3821331.9000000004,3976720,3444798,144793
2023-02-19,76426479.0,3821323.95,3976868,3444798,144804
2023-02-20,76426146.0,3821307.3000000003,3977193,3444798,144812
2023-02-21,76425788.0,3821289.4000000004,3977546,3444798,144817
2023-02-22,76425528.0,3821276.4000000004,3977799,3444798,144824
2023-02-23,76425476.0,3821273.8000000003,3977847,3444798,144828
2023-02-24,76425389.0,3821269.45,3977930,3444798,144832
2023-02-25,76425330.0,3821266.5,3977986,3444798,144835
2023-02-26,76425247.0,3821262.35,3978062,3444798,144842
2023-02-27,76425125.0,3821256.25,3978181,3444798,144845
2023-02-28,76425043.0,3821252.1500000004,3978263,3444798,144845
2023-03-01,76424046.0,3821202.3000000003,3979247,3444798,144858
2023-03-02,76423688.0,3821184.4000000004,3979599,3444798,144864
2023-03-03,76423466.0,3821173.3000000003,3979818,3444798,144867
2023-03-04,76423180.0,3821159.0,3980093,3444798,144878
2023-03-05,76422717.0,3821135.85,3980541,3444798,144893
2023-03-06,76422206.0,3821110.3000000003,3981043,3444798,144902
2023-03-07,76421597.0,3821079.85,3981647,3444798,144907
2023-03-08,76420953.0,3821047.6500000004,3982276,3444798,144922
2023-03-09,76420638.0,3821031.9000000004,3982580,3444798,144933
